x_kt,y_ft,z_nm
400,3000,8.38
400,2000,8.38
400,11000,11.14
400,14000,12.06
400,9000,10.22
400,1000,7.91
400,13000,11.60
400,8000,10.22
400,5000,9.30
400,12000,11.60
400,15000,12.52
400,7000,9.76
400,16000,12.98
400,4000,8.84
400,10000,10.68
400,6000,9.30
400,19000,14.37
400,18000,13.91
400,21000,15.75
400,30000,20.82
400,27000,18.98
400,25000,17.59
400,31000,21.28
400,28000,19.44
400,29000,20.36
400,17000,13.45
400,20000,14.83
400,24000,17.13
400,32000,22.20
400,34000,23.13
400,35000,24.05
400,23000,16.67
400,26000,18.52
400,37000,24.97
400,43000,28.20
400,41000,27.27
400,22000,16.21
400,44000,28.66
400,45000,29.12
410,1000,7.91
400,33000,22.66
400,36000,24.51
400,40000,26.35
410,2000,7.91
410,3000,8.38
400,39000,25.89
410,14000,12.06
400,42000,27.73
410,6000,9.30
400,38000,25.43
410,12000,11.14
410,16000,12.98
410,5000,8.84
410,8000,9.76
410,17000,13.45
410,18000,13.91
410,15000,12.52
410,7000,9.30
410,11000,10.68
410,19000,14.37
410,30000,20.82
410,13000,11.60
410,10000,10.68
410,4000,8.84
410,28000,19.44
410,34000,23.13
410,21000,15.29
410,32000,22.20
410,33000,22.66
410,9000,10.22
410,31000,21.28
410,22000,16.21
410,24000,17.13
410,44000,28.66
410,23000,16.67
410,27000,18.98
410,35000,23.59
410,20000,14.83
420,4000,8.38
420,1000,7.45
410,37000,24.97
410,29000,19.90
420,3000,7.91
410,26000,18.05
420,2000,7.91
410,25000,17.59
410,38000,25.43
410,40000,26.35
420,15000,12.06
410,43000,28.20
410,39000,25.89
420,5000,8.84
410,36000,24.51
420,20000,14.83
410,45000,29.12
410,42000,27.73
420,19000,13.91
420,17000,12.98
410,41000,27.27
420,6000,8.84
420,31000,21.28
420,8000,9.76
420,14000,11.60
420,18000,13.45
420,21000,15.29
420,10000,10.22
420,9000,9.76
420,11000,10.68
420,36000,24.51
420,7000,9.30
420,33000,22.66
420,22000,15.75
420,34000,23.13
420,35000,23.59
420,13000,11.14
420,16000,12.52
430,2000,7.91
420,12000,11.14
420,37000,24.97
420,30000,20.82
420,24000,17.13
420,25000,17.59
430,4000,8.38
430,5000,8.38
420,27000,18.52
420,26000,18.05
420,38000,25.43
420,32000,21.74
420,28000,19.44
420,23000,16.67
420,29000,19.90
430,7000,9.30
430,18000,13.45
420,41000,26.81
420,40000,26.35
430,1000,7.45
420,42000,27.73
420,43000,28.20
430,6000,8.84
430,20000,14.83
430,8000,9.76
430,21000,15.29
420,44000,28.66
420,45000,29.12
420,39000,25.89
430,3000,7.91
430,34000,23.13
430,22000,15.75
430,12000,11.14
430,9000,9.76
430,15000,12.06
430,17000,12.98
430,13000,11.14
430,14000,11.60
430,36000,24.05
430,37000,24.97
430,23000,16.21
430,11000,10.68
430,24000,16.67
440,5000,8.38
430,19000,13.91
430,38000,25.43
430,16000,12.52
430,10000,10.22
430,28000,19.44
430,33000,22.20
430,31000,21.28
430,25000,17.59
430,39000,25.89
430,30000,20.36
430,40000,26.35
440,21000,15.29
430,29000,19.90
430,27000,18.52
440,8000,9.30
430,44000,28.66
430,41000,26.81
440,7000,8.84
430,32000,21.74
430,35000,23.59
440,2000,7.45
440,4000,7.91
430,26000,18.05
430,45000,28.66
440,10000,10.22
430,43000,27.73
440,9000,9.76
440,37000,24.97
440,1000,7.45
440,11000,10.22
440,15000,12.06
440,3000,7.91
440,24000,16.67
430,42000,27.27
440,18000,13.45
440,20000,14.37
440,12000,10.68
440,23000,16.21
440,16000,12.52
440,26000,18.05
440,14000,11.60
440,25000,17.13
440,6000,8.84
440,17000,12.98
440,27000,18.52
450,8000,9.30
440,31000,21.28
440,19000,13.91
440,34000,23.13
440,40000,26.35
440,39000,25.89
440,28000,19.44
440,13000,11.14
440,42000,27.27
440,36000,24.05
440,22000,15.75
440,32000,21.74
440,43000,27.73
440,41000,26.81
440,30000,20.36
440,33000,22.20
450,5000,8.38
450,24000,16.67
450,2000,7.45
440,44000,28.20
440,35000,23.59
450,11000,10.22
450,10000,9.76
440,38000,25.43
450,13000,11.14
450,3000,7.45
450,14000,11.14
440,29000,19.90
450,21000,15.29
450,4000,7.91
450,12000,10.68
450,40000,26.35
450,6000,8.38
450,1000,6.99
450,7000,8.84
450,18000,12.98
450,15000,11.60
450,27000,18.52
440,45000,28.66
450,19000,13.91
450,22000,15.75
450,26000,18.05
450,30000,20.36
450,9000,9.30
450,29000,19.90
450,37000,24.97
450,20000,14.37
450,28000,18.98
450,43000,27.73
450,34000,23.13
450,16000,12.06
460,11000,9.76
450,31000,21.28
450,17000,12.52
450,45000,28.66
450,23000,16.21
450,35000,23.59
450,42000,27.27
450,38000,25.43
450,44000,28.66
450,36000,24.05
460,1000,6.99
450,32000,21.74
450,25000,17.13
460,14000,11.14
460,5000,7.91
460,6000,8.38
450,33000,22.20
450,39000,25.89
460,16000,12.06
460,8000,8.84
460,27000,18.52
460,2000,6.99
460,7000,8.38
460,15000,11.60
450,41000,26.81
460,13000,10.68
460,9000,9.30
460,22000,15.75
460,21000,14.83
460,3000,7.45
460,17000,12.52
460,30000,20.36
460,32000,21.74
460,43000,27.73
460,4000,7.91
460,31000,21.28
460,10000,9.76
460,24000,16.67
460,18000,12.98
460,37000,24.97
460,38000,25.43
460,12000,10.22
460,23000,16.21
460,29000,19.90
460,33000,22.20
460,25000,17.13
460,19000,13.45
470,3000,7.45
470,1000,6.53
470,14000,11.14
460,40000,26.35
460,20000,14.37
460,34000,23.13
460,26000,17.59
470,2000,6.99
460,45000,29.12
460,41000,26.81
460,39000,25.89
470,4000,7.45
460,28000,18.98
470,19000,13.45
470,8000,8.84
460,35000,23.59
470,9000,9.30
470,17000,12.52
470,30000,20.36
460,36000,24.05
470,5000,7.91
460,42000,27.27
470,16000,12.06
470,18000,12.98
470,11000,9.76
460,44000,28.66
470,12000,10.22
470,20000,13.91
470,6000,8.38
470,33000,22.20
470,10000,9.30
470,35000,23.59
480,1000,6.53
470,7000,8.38
470,21000,14.83
470,24000,16.67
470,25000,17.13
470,32000,21.74
470,34000,22.66
470,15000,11.60
470,27000,18.05
470,28000,18.98
470,13000,10.68
470,36000,24.05
470,22000,15.29
470,23000,15.75
480,4000,7.45
470,26000,17.59
480,6000,7.91
470,41000,26.81
470,37000,24.51
470,40000,26.35
480,17000,12.52
470,43000,27.73
480,5000,7.45
480,7000,8.38
470,44000,28.20
470,31000,20.82
480,3000,6.99
470,29000,19.44
470,38000,25.43
470,42000,27.27
470,39000,25.89
480,20000,13.91
480,22000,15.29
480,12000,10.22
480,23000,15.75
480,33000,22.20
470,45000,28.66
480,21000,14.83
480,11000,9.76
480,14000,11.14
480,8000,8.84
480,15000,11.60
480,19000,13.45
480,36000,24.05
480,2000,6.99
480,13000,10.68
480,38000,25.43
480,39000,25.89
480,9000,8.84
480,10000,9.30
480,28000,18.98
480,16000,12.06
490,4000,6.99
480,37000,24.51
480,27000,18.52
480,30000,20.36
480,35000,23.59
480,31000,20.82
480,29000,19.44
480,18000,12.98
480,44000,28.20
490,7000,7.91
480,24000,16.21
490,8000,8.38
480,25000,17.13
490,20000,13.91
480,26000,17.59
490,10000,9.30
480,32000,21.74
490,9000,8.84
480,43000,27.73
480,45000,28.66
490,1000,6.53
490,23000,15.75
490,6000,7.91
480,34000,22.66
490,2000,6.53
480,40000,26.35
480,41000,26.81
490,15000,11.14
480,42000,27.27
490,36000,24.05
490,17000,12.06
490,26000,17.59
490,22000,15.29
490,39000,25.89
490,24000,16.21
490,25000,17.13
490,16000,11.60
490,3000,6.99
490,14000,10.68
490,5000,7.45
490,31000,20.82
490,18000,12.52
490,12000,9.76
490,33000,22.20
490,13000,10.22
500,7000,7.91
490,42000,27.27
490,11000,9.30
490,41000,26.81
490,38000,25.43
490,40000,26.35
490,32000,21.74
490,21000,14.83
490,19000,12.98
500,10000,8.84
500,23000,15.75
490,30000,20.36
500,2000,6.53
490,34000,22.66
490,29000,19.44
500,4000,6.99
490,28000,18.98
500,13000,10.22
500,11000,9.30
490,27000,18.05
500,12000,9.76
500,9000,8.84
500,39000,25.89
490,37000,24.51
490,45000,28.66
500,3000,6.99
500,26000,17.13
490,35000,23.59
490,44000,28.20
500,20000,13.91
500,1000,6.53
500,5000,7.45
500,29000,19.44
500,18000,12.52
490,43000,27.73
500,8000,8.38
500,28000,18.98
500,27000,18.05
500,42000,27.27
500,16000,11.60
500,45000,28.66
500,19000,12.98
500,25000,16.67
500,6000,7.45
500,15000,11.14
500,36000,24.05
510,10000,8.84
500,34000,22.66
500,17000,12.06
500,43000,27.73
500,44000,28.20
500,21000,14.37
500,41000,26.81
500,32000,21.28
500,14000,10.68
500,24000,16.21
510,13000,10.22
500,22000,15.29
500,35000,23.59
510,16000,11.60
500,31000,20.82
510,7000,7.91
500,33000,22.20
510,26000,17.13
510,5000,6.99
510,15000,11.14
510,3000,6.53
510,29000,19.44
500,37000,24.51
510,32000,21.28
500,40000,26.35
500,38000,25.43
510,14000,10.68
510,23000,15.75
510,12000,9.76
500,30000,20.36
510,2000,6.53
510,6000,7.45
510,42000,27.27
510,21000,14.37
510,45000,28.66
510,4000,6.99
510,9000,8.38
520,3000,6.53
510,22000,14.83
510,39000,25.89
510,31000,20.82
510,19000,12.98
510,8000,7.91
510,30000,19.90
510,1000,6.53
510,28000,18.52
510,11000,9.30
520,13000,9.76
510,18000,12.52
510,37000,24.51
520,16000,11.14
520,2000,6.53
510,35000,23.13
510,38000,24.97
510,44000,28.20
510,20000,13.45
520,1000,6.53
520,19000,12.98
510,25000,16.67
510,17000,12.06
520,29000,19.44
510,34000,22.66
520,10000,8.84
510,27000,18.05
520,9000,8.38
520,32000,21.28
520,8000,7.91
520,35000,23.13
510,24000,16.21
520,6000,7.45
510,41000,26.81
520,45000,28.66
520,18000,12.52
510,33000,22.20
520,15000,10.68
510,36000,24.05
520,17000,11.60
510,43000,27.73
530,3000,6.53
520,5000,6.99
510,40000,26.35
520,22000,14.83
520,26000,17.13
520,25000,16.67
530,6000,6.99
520,34000,22.66
520,24000,16.21
520,33000,22.20
530,16000,11.14
520,12000,9.30
520,31000,20.82
520,4000,6.99
520,7000,7.45
520,14000,10.22
520,41000,26.81
520,42000,27.27
520,38000,24.97
530,19000,12.52
520,21000,14.37
530,22000,14.83
520,40000,26.35
530,32000,21.28
530,2000,6.53
530,5000,6.99
520,20000,13.45
530,4000,6.99
520,28000,18.52
520,23000,15.29
520,11000,9.30
530,35000,23.13
530,9000,7.91
520,30000,19.90
520,37000,24.51
530,12000,9.30
530,38000,24.97
530,13000,9.76
530,18000,12.06
540,3000,6.53
520,44000,28.20
520,39000,25.89
530,21000,14.37
520,36000,24.05
530,20000,13.45
530,11000,8.84
540,6000,7.45
530,1000,6.53
540,9000,7.91
530,28000,18.52
530,29000,19.44
530,8000,7.91
530,34000,22.66
520,27000,18.05
530,10000,8.38
530,25000,16.21
530,37000,24.51
530,7000,7.45
540,19000,12.52
530,44000,28.20
530,36000,24.05
530,45000,28.66
540,22000,14.83
530,15000,10.68
530,27000,18.05
530,17000,11.60
530,41000,26.81
520,43000,27.73
540,35000,23.13
540,25000,16.67
540,5000,6.99
530,23000,15.29
540,8000,7.45
540,7000,7.45
530,43000,27.73
540,38000,24.97
530,26000,17.13
540,16000,11.14
530,24000,16.21
540,41000,26.81
540,15000,10.68
530,31000,20.82
530,33000,22.20
540,24000,15.75
550,6000,7.45
530,39000,25.89
540,21000,13.91
540,23000,15.29
540,12000,9.30
530,14000,10.22
540,32000,21.28
550,9000,7.91
530,42000,27.27
540,14000,10.22
540,40000,26.35
530,40000,26.35
540,2000,6.53
540,10000,8.38
540,31000,20.82
550,22000,14.37
540,39000,25.89
540,37000,24.51
540,4000,6.99
550,12000,8.84
550,11000,8.38
540,28000,18.52
540,18000,12.06
530,30000,19.90
550,3000,6.99
550,10000,8.38
550,25000,16.21
540,30000,19.90
540,13000,9.76
550,2000,6.53
550,8000,7.45
550,38000,24.97
540,26000,17.13
540,20000,13.45
540,44000,28.20
550,28000,18.52
550,27000,17.59
550,41000,26.81
540,34000,22.66
540,1000,6.53
550,24000,15.75
550,1000,6.53
540,42000,27.27
540,11000,8.84
540,29000,19.44
560,9000,7.91
550,18000,12.06
550,19000,12.52
550,26000,17.13
550,44000,28.20
550,43000,27.73
550,15000,10.22
540,36000,24.05
550,40000,26.35
540,45000,28.66
560,12000,8.84
550,35000,23.13
540,17000,11.60
550,17000,11.60
550,34000,22.66
550,5000,6.99
550,42000,27.27
550,13000,9.30
560,15000,10.22
560,11000,8.38
550,31000,20.36
550,7000,7.45
560,25000,16.21
560,14000,9.76
540,27000,17.59
550,33000,21.74
560,6000,7.45
550,16000,10.68
540,33000,21.74
550,21000,13.91
560,28000,18.52
550,23000,15.29
560,31000,20.36
550,29000,18.98
560,41000,26.81
560,27000,17.59
560,13000,9.30
560,2000,6.53
560,5000,6.99
540,43000,27.73
560,30000,19.90
560,44000,28.20
550,45000,28.66
560,4000,6.99
550,32000,21.28
560,43000,27.73
550,37000,24.51
550,39000,25.43
560,22000,14.37
570,2000,6.53
560,18000,11.60
560,21000,13.91
560,29000,18.98
550,4000,6.99
570,1000,6.53
570,12000,8.84
560,10000,8.38
570,15000,10.22
560,38000,24.97
560,45000,28.66
560,20000,12.98
570,18000,11.60
570,14000,9.76
560,8000,7.91
550,14000,9.76
560,34000,22.66
560,37000,24.51
560,3000,6.99
560,16000,10.68
570,17000,11.14
550,20000,12.98
570,31000,20.36
560,24000,15.75
570,9000,7.91
570,34000,22.66
570,28000,18.52
560,36000,23.59
560,26000,17.13
570,16000,10.68
560,32000,21.28
570,30000,19.90
570,8000,7.91
570,5000,6.99
570,33000,21.74
560,19000,12.52
560,40000,26.35
550,36000,24.05
570,44000,28.20
550,30000,19.90
580,2000,6.53
570,24000,15.75
560,42000,27.27
580,1000,6.53
570,7000,7.45
570,32000,21.28
580,5000,6.99
570,3000,6.99
570,21000,13.91
570,25000,16.21
580,15000,10.22
560,35000,23.13
580,18000,11.60
570,40000,25.89
560,7000,7.45
580,4000,6.99
570,23000,15.29
580,17000,11.14
570,41000,26.81
560,1000,6.53
570,13000,9.30
570,11000,8.84
570,19000,12.06
580,21000,13.45
580,3000,6.99
570,37000,24.51
580,34000,22.66
560,23000,15.29
570,6000,7.45
570,39000,25.43
580,31000,20.36
580,20000,12.98
570,35000,23.13
580,19000,12.06
580,37000,24.51
580,33000,21.74
580,11000,8.84
570,29000,18.98
580,8000,7.91
580,10000,8.38
570,27000,17.59
580,12000,8.84
560,17000,11.14
570,22000,14.37
560,39000,25.43
590,5000,7.45
580,35000,23.13
580,36000,23.59
590,2000,6.53
570,45000,28.66
580,6000,7.45
590,8000,7.91
580,24000,15.75
590,4000,6.99
570,43000,27.73
570,10000,8.38
580,27000,17.59
570,38000,24.97
590,7000,7.45
590,24000,15.29
590,6000,7.45
590,21000,13.45
580,26000,16.67
580,22000,14.37
580,28000,18.05
590,18000,11.60
580,40000,26.35
560,33000,21.74
580,16000,10.68
580,43000,27.73
590,20000,12.52
580,14000,9.76
580,9000,7.91
570,26000,16.67
590,23000,14.83
590,40000,26.35
590,22000,14.37
580,38000,24.97
580,44000,28.20
580,42000,27.27
590,37000,24.51
590,34000,22.20
580,32000,21.28
590,14000,9.76
590,39000,25.43
570,42000,27.27
590,11000,8.84
590,36000,23.59
590,38000,24.97
590,9000,7.91
580,30000,19.90
600,5000,7.45
570,4000,6.99
590,15000,10.22
600,8000,7.91
580,25000,16.21
590,13000,9.30
600,10000,8.38
600,11000,8.84
590,3000,6.99
590,30000,19.44
600,7000,7.45
590,1000,6.53
600,9000,7.91
600,24000,15.29
580,13000,9.30
590,31000,20.36
580,41000,26.81
590,27000,17.13
600,21000,13.45
590,19000,12.06
590,29000,18.98
590,25000,16.21
600,26000,16.67
600,1000,6.53
570,20000,12.98
600,27000,17.13
600,25000,15.75
600,23000,14.83
590,45000,28.66
600,40000,25.89
590,17000,11.14
590,43000,27.73
590,35000,23.13
590,41000,26.81
580,29000,18.98
600,2000,6.99
600,37000,24.05
590,12000,9.30
600,43000,27.73
600,41000,26.81
600,42000,27.27
600,17000,11.14
600,39000,25.43
580,45000,28.66
590,33000,21.74
600,6000,7.45
600,18000,11.14
600,16000,10.68
600,14000,9.76
570,36000,23.59
600,12000,9.30
610,8000,7.91
610,11000,8.84
610,14000,9.76
610,13000,9.76
610,12000,9.30
600,33000,21.74
590,28000,18.05
600,22000,13.91
600,34000,22.20
610,10000,8.84
600,32000,20.82
600,30000,19.44
600,4000,6.99
590,16000,10.68
610,24000,15.29
610,30000,19.44
580,7000,7.45
600,28000,18.05
590,44000,28.20
600,38000,24.97
610,27000,17.13
610,29000,18.98
610,4000,6.99
610,28000,18.05
610,5000,7.45
610,26000,16.67
610,40000,25.89
610,1000,6.53
610,3000,6.99
620,1000,6.53
590,32000,20.82
600,20000,12.52
600,44000,28.20
610,45000,28.66
610,9000,8.38
610,44000,28.20
580,23000,14.83
610,43000,27.73
600,15000,10.22
610,42000,27.27
610,21000,13.45
620,17000,11.14
610,19000,11.60
610,17000,11.14
610,25000,15.75
610,20000,12.52
610,15000,10.22
600,36000,23.59
620,16000,10.68
600,3000,6.99
620,14000,10.22
620,15000,10.68
620,11000,8.84
610,35000,23.13
610,41000,26.35
600,31000,20.36
580,39000,25.43
620,33000,21.74
610,37000,24.05
620,13000,9.76
610,33000,21.74
610,36000,23.59
600,19000,12.06
610,31000,20.36
610,7000,7.91
620,6000,7.45
620,31000,20.36
620,32000,20.82
620,30000,19.44
620,27000,17.13
590,10000,8.38
600,35000,23.13
620,12000,9.30
630,4000,6.99
620,8000,7.91
610,2000,6.99
620,29000,18.52
620,7000,7.91
620,4000,6.99
620,22000,13.91
610,23000,14.83
630,1000,6.53
620,2000,6.99
630,20000,12.06
620,45000,28.66
620,43000,27.73
630,2000,6.99
630,3000,6.99
610,6000,7.45
620,24000,15.29
620,20000,12.06
610,18000,11.60
620,28000,18.05
620,23000,14.37
610,39000,25.43
620,38000,24.97
630,19000,12.06
630,17000,11.14
630,18000,11.60
620,18000,11.60
630,16000,11.14
590,26000,16.67
630,36000,23.59
630,14000,10.22
610,22000,13.91
620,40000,25.89
620,44000,28.20
610,34000,22.20
620,36000,23.59
630,9000,8.38
630,35000,23.13
620,39000,25.43
620,34000,22.20
630,33000,21.74
630,34000,22.20
640,7000,7.91
610,38000,24.97
630,30000,19.44
590,42000,27.27
630,32000,20.82
620,10000,8.84
630,25000,15.75
620,5000,7.45
640,6000,7.45
630,7000,7.91
630,11000,8.84
630,15000,10.68
640,4000,7.45
640,5000,7.45
630,5000,7.45
620,9000,8.38
640,23000,14.37
630,10000,8.84
630,41000,26.81
640,1000,6.53
640,22000,13.91
640,3000,6.99
620,21000,12.98
630,23000,14.37
620,26000,16.21
600,13000,9.76
620,25000,15.29
630,21000,12.98
630,31000,19.90
640,21000,12.98
640,39000,25.43
640,20000,12.52
640,19000,12.06
630,27000,17.13
640,17000,11.60
640,38000,24.97
640,12000,9.30
620,41000,26.81
630,39000,25.43
620,37000,24.05
620,42000,27.27
630,26000,16.21
630,43000,27.73
630,37000,24.05
640,37000,24.05
640,35000,22.66
650,9000,8.38
640,2000,6.99
640,36000,23.59
640,33000,21.28
650,10000,8.84
600,29000,18.98
640,14000,10.22
640,28000,17.59
630,12000,9.30
630,8000,7.91
630,42000,27.27
650,25000,15.29
630,13000,9.76
650,6000,7.45
650,8000,7.91
640,8000,7.91
650,7000,7.91
640,10000,8.84
640,18000,11.60
650,4000,7.45
600,45000,28.66
640,44000,28.20
650,41000,26.35
650,24000,14.83
650,26000,16.21
630,24000,14.83
640,30000,18.98
640,24000,14.83
650,23000,14.37
650,22000,13.45
640,34000,22.20
630,28000,17.59
640,13000,9.76
630,29000,18.52
650,20000,12.52
650,40000,25.89
640,26000,16.21
650,15000,10.68
650,42000,27.27
630,45000,28.66
630,40000,25.89
660,12000,9.76
650,1000,6.53
630,44000,28.20
640,40000,25.89
650,39000,25.43
610,16000,10.68
650,5000,7.45
650,38000,24.51
640,29000,18.52
650,36000,23.59
640,42000,27.27
640,16000,11.14
660,11000,9.30
640,45000,28.66
650,17000,11.60
660,13000,9.76
650,31000,19.90
640,11000,9.30
660,28000,17.59
650,21000,12.98
640,15000,10.68
650,11000,9.30
660,7000,7.91
660,10000,8.84
660,44000,28.20
650,16000,11.14
610,32000,20.82
650,13000,9.76
660,9000,8.84
640,32000,20.82
650,33000,21.28
660,27000,16.67
660,29000,18.52
660,26000,15.75
650,37000,24.05
660,2000,6.99
640,31000,19.90
640,27000,17.13
660,23000,14.37
660,45000,29.12
660,43000,27.73
660,42000,26.81
660,25000,15.29
670,15000,11.14
650,27000,17.13
650,32000,20.82
650,29000,18.52
660,4000,7.45
650,3000,6.99
660,18000,11.60
660,8000,7.91
640,43000,27.73
670,16000,11.14
650,45000,28.66
660,41000,26.35
620,3000,6.99
660,39000,25.43
670,13000,10.22
650,43000,27.73
670,14000,10.68
670,31000,19.90
650,2000,6.99
650,19000,12.06
660,3000,6.99
660,20000,12.52
660,24000,14.83
660,34000,22.20
650,14000,10.22
670,32000,20.82
660,16000,11.14
670,12000,9.76
670,30000,18.98
660,14000,10.22
660,19000,12.06
670,29000,18.52
620,19000,11.60
650,35000,22.66
670,10000,8.84
650,18000,11.60
660,40000,25.89
680,2000,6.99
670,5000,7.45
670,45000,29.12
660,36000,23.59
650,30000,19.44
660,32000,20.82
670,26000,15.75
660,35000,22.66
680,3000,6.99
660,30000,18.98
670,28000,17.59
680,18000,12.06
650,34000,22.20
620,35000,23.13
660,6000,7.45
680,1000,6.99
670,21000,12.98
670,44000,28.66
680,19000,12.06
670,11000,9.30
670,7000,7.91
680,16000,11.60
660,1000,6.53
670,42000,27.27
670,6000,7.45
680,34000,21.74
670,3000,6.99
660,5000,7.45
680,17000,11.60
660,22000,13.45
670,1000,6.99
680,15000,11.14
670,23000,13.91
680,35000,22.66
670,37000,24.05
630,6000,7.45
660,17000,11.60
670,22000,13.45
680,13000,10.22
680,32000,20.36
670,19000,12.06
670,27000,16.67
680,33000,21.28
690,5000,7.45
670,39000,25.43
660,21000,12.98
660,38000,24.51
670,17000,11.60
690,6000,7.91
680,8000,7.91
670,43000,27.73
680,31000,19.90
660,33000,21.28
670,38000,24.51
670,35000,22.66
690,3000,6.99
690,4000,7.45
630,22000,13.91
680,29000,18.05
690,21000,12.98
690,22000,13.45
660,37000,24.05
670,33000,21.28
680,24000,14.37
680,10000,8.84
680,45000,29.12
670,4000,7.45
690,19000,12.06
670,9000,8.84
680,6000,7.91
680,14000,10.68
690,2000,6.99
680,26000,15.75
690,20000,12.52
630,38000,24.97
670,8000,7.91
680,40000,25.89
690,37000,24.05
690,38000,24.51
680,4000,7.45
680,9000,8.84
690,35000,22.66
690,16000,11.60
670,25000,15.29
690,18000,12.06
670,20000,12.52
680,22000,13.45
690,36000,23.13
700,8000,8.38
670,24000,14.83
640,9000,8.38
680,42000,27.27
680,30000,18.98
680,25000,15.29
670,41000,26.35
680,20000,12.52
690,11000,9.30
700,6000,7.91
700,9000,8.84
700,24000,14.83
680,41000,26.35
700,7000,7.91
690,34000,21.74
690,32000,20.36
670,40000,25.89
680,38000,24.51
670,36000,23.59
690,13000,10.22
640,25000,15.29
700,40000,25.89
690,1000,6.99
700,25000,15.29
700,22000,13.45
680,12000,9.76
680,36000,23.59
700,23000,14.37
700,41000,26.81
700,5000,7.45
680,7000,7.91
690,12000,9.76
690,27000,16.67
700,3000,6.99
680,11000,9.30
640,41000,26.35
690,17000,11.60
690,29000,18.05
700,38000,24.51
690,9000,8.84
700,39000,25.43
690,43000,28.20
680,28000,17.59
680,23000,13.91
710,11000,9.30
690,7000,7.91
700,21000,12.98
690,45000,29.58
710,12000,9.76
680,44000,28.66
690,28000,17.59
690,33000,21.28
690,25000,15.29
700,19000,12.52
680,27000,16.67
690,23000,13.91
680,39000,25.43
650,12000,9.30
690,44000,28.66
700,16000,11.60
700,14000,10.68
690,41000,26.35
700,37000,24.05
680,43000,27.73
710,9000,8.84
690,15000,11.14
710,10000,8.84
710,28000,17.13
710,27000,16.21
700,4000,7.45
700,35000,22.66
690,39000,25.43
700,15000,11.14
710,8000,8.38
710,25000,15.29
710,43000,28.20
710,44000,29.12
700,32000,20.36
690,10000,8.84
700,12000,9.76
710,41000,26.81
700,30000,18.98
690,14000,10.68
710,6000,7.91
700,20000,12.98
710,26000,16.21
690,31000,19.90
710,24000,14.83
690,26000,15.75
650,28000,17.59
720,15000,11.14
710,42000,27.73
700,31000,19.90
710,22000,13.91
700,10000,8.84
700,36000,23.13
720,14000,10.68
710,40000,25.89
690,42000,27.27
710,3000,6.99
650,44000,28.20
690,30000,18.98
700,26000,15.75
720,31000,19.44
700,2000,6.99
720,12000,9.76
710,1000,6.99
700,28000,17.13
720,13000,10.22
710,7000,7.91
710,38000,24.51
720,30000,18.52
700,13000,10.22
710,2000,6.99
700,44000,29.12
700,42000,27.27
720,11000,9.30
700,18000,12.06
710,19000,12.52
710,17000,11.60
700,1000,6.99
720,28000,17.13
730,2000,6.99
710,18000,12.06
720,29000,18.05
710,23000,14.37
660,15000,10.68
710,15000,11.14
710,13000,10.22
720,44000,29.12
720,45000,30.04
700,34000,21.74
700,29000,18.05
730,1000,6.99
720,27000,16.67
730,18000,12.06
710,33000,21.28
710,35000,22.66
720,9000,8.84
700,17000,11.60
700,45000,29.58
710,34000,21.74
720,43000,28.66
710,39000,25.43
720,25000,15.75
710,31000,19.44
730,17000,12.06
730,15000,11.14
730,16000,11.60
720,41000,26.81
710,5000,7.45
730,34000,21.74
720,4000,7.45
700,33000,21.28
710,29000,18.05
720,6000,7.91
710,16000,11.60
720,5000,7.45
660,31000,19.90
710,45000,29.58
730,14000,10.68
730,33000,20.82
730,31000,19.44
720,10000,9.30
720,2000,6.99
720,22000,13.91
730,32000,20.36
740,5000,7.45
710,21000,13.45
720,20000,12.98
710,4000,7.45
730,12000,9.76
710,32000,20.36
720,16000,11.60
720,21000,13.45
720,18000,12.06
740,4000,7.45
720,38000,24.51
730,30000,18.52
740,21000,13.45
720,36000,23.13
710,20000,12.98
740,2000,6.99
740,3000,6.99
730,28000,17.13
670,2000,6.99
710,37000,24.05
720,26000,16.21
720,37000,24.05
720,32000,20.36
720,3000,6.99
720,34000,21.74
740,18000,12.06
740,20000,12.98
740,37000,23.59
730,44000,29.58
710,36000,23.13
730,7000,7.91
720,42000,27.73
720,8000,8.38
730,8000,8.38
740,1000,6.99
730,9000,8.84
740,19000,12.52
740,36000,23.13
750,8000,8.38
730,25000,15.75
730,5000,7.45
740,15000,11.60
670,18000,11.60
730,24000,14.83
740,34000,21.74
720,24000,14.83
720,19000,12.52
720,7000,7.91
730,23000,14.37
740,17000,12.06
730,13000,10.22
730,3000,6.99
750,24000,15.29
740,35000,22.66
720,40000,26.35
730,40000,26.35
730,41000,27.27
750,7000,7.91
740,31000,19.44
730,21000,13.45
720,35000,22.66
750,40000,26.35
730,39000,25.43
740,33000,20.82
720,23000,14.37
750,5000,7.45
670,34000,22.20
750,6000,7.91
750,23000,14.83
730,29000,18.05
730,19000,12.52
720,39000,25.43
740,11000,9.30
730,37000,24.05
730,6000,7.91
740,12000,9.76
730,45000,30.04
730,11000,9.30
750,22000,13.91
750,4000,7.45
750,21000,13.45
750,2000,6.99
760,11000,9.76
750,39000,25.89
740,10000,9.30
730,35000,22.66
730,22000,13.91
740,8000,8.38
680,5000,7.45
750,18000,12.06
750,38000,24.51
740,16000,11.60
750,20000,12.98
730,27000,16.67
740,28000,17.13
740,27000,16.67
750,37000,24.05
730,10000,9.30
760,27000,17.13
730,43000,28.66
740,24000,15.29
730,38000,24.51
740,44000,29.58
760,10000,9.30
740,6000,7.91
750,36000,23.13
740,26000,16.67
740,43000,28.66
750,34000,21.74
740,40000,26.35
760,43000,29.12
760,8000,8.38
680,21000,12.98
740,32000,20.36
740,22000,13.91
760,9000,8.84
740,42000,28.20
750,15000,11.60
760,7000,7.91
750,14000,11.14
730,26000,16.21
740,14000,10.68
760,26000,16.67
760,5000,7.45
760,24000,15.29
740,9000,8.84
770,14000,11.14
750,11000,9.76
740,38000,24.51
750,31000,19.44
730,42000,27.73
760,40000,26.81
740,25000,15.75
760,42000,28.20
750,13000,10.22
760,23000,14.83
750,30000,18.52
750,3000,6.99
760,25000,16.21
770,30000,18.98
740,30000,18.52
680,37000,24.05
760,21000,13.45
740,41000,27.27
760,39000,25.89
760,41000,27.73
740,13000,10.22
750,27000,17.13
750,29000,18.05
760,2000,6.99
770,11000,9.76
760,37000,24.05
770,13000,10.68
750,45000,30.50
750,19000,12.52
750,9000,8.84
750,43000,29.12
760,1000,6.99
690,8000,8.38
780,1000,6.99
750,1000,6.99
770,12000,10.22
750,12000,9.76
750,25000,15.75
760,18000,12.06
770,8000,8.38
770,27000,17.59
770,10000,9.30
760,17000,12.06
780,17000,12.06
760,16000,11.60
750,35000,22.66
740,29000,18.05
770,29000,18.05
690,24000,14.83
750,17000,12.06
760,14000,11.14
740,45000,30.50
750,28000,17.59
770,24000,15.29
770,28000,17.59
770,43000,29.12
750,41000,27.27
760,33000,21.28
760,34000,21.74
780,33000,21.28
750,44000,29.58
770,44000,30.04
770,40000,26.81
760,32000,20.36
770,26000,17.13
770,45000,30.96
690,40000,25.89
760,6000,7.91
750,16000,11.60
760,30000,18.52
750,33000,20.82
770,42000,28.66
780,14000,11.14
770,4000,7.45
790,4000,7.45
770,5000,7.45
780,16000,12.06
760,12000,9.76
760,15000,11.60
780,15000,11.60
760,22000,14.37
780,11000,9.76
770,3000,6.99
760,4000,7.45
790,20000,13.45
770,21000,13.91
750,32000,20.36
770,20000,13.45
780,30000,18.98
770,1000,6.99
760,31000,19.44
780,32000,20.36
780,31000,19.44
760,38000,24.97
780,13000,10.68
770,36000,23.13
760,28000,17.59
700,11000,9.30
770,37000,24.05
780,27000,17.59
760,44000,30.04
770,17000,12.06
760,20000,12.98
790,36000,23.59
770,19000,12.98
790,1000,6.53
760,3000,6.99
780,43000,29.58
780,29000,18.52
780,7000,7.91
760,36000,23.13
780,8000,8.38
770,2000,6.99
770,33000,21.28
790,3000,6.99
790,2000,6.99
770,35000,22.66
770,15000,11.60
790,17000,12.06
780,24000,15.75
770,9000,8.84
800,7000,7.91
780,23000,14.83
790,14000,11.14
780,45000,30.96
760,19000,12.52
780,40000,26.81
700,27000,16.67
770,7000,7.91
770,31000,19.44
780,4000,7.45
790,19000,12.98
780,39000,25.89
800,23000,15.29
770,18000,12.52
790,33000,21.74
780,6000,7.91
790,16000,12.06
790,18000,12.52
760,35000,22.20
790,30000,18.98
800,39000,26.35
790,35000,22.66
770,23000,14.83
700,43000,28.20
770,25000,16.21
790,11000,9.76
780,20000,13.45
770,34000,21.74
790,32000,20.36
790,34000,22.20
780,2000,6.99
800,4000,7.45
780,22000,14.37
790,10000,9.30
770,39000,25.89
770,41000,27.73
770,6000,7.91
800,6000,7.91
800,1000,6.53
790,27000,17.59
780,36000,23.59
780,38000,24.97
780,5000,7.45
800,5000,7.45
800,20000,13.45
790,43000,29.58
800,3000,6.99
800,17000,12.06
780,12000,10.22
770,22000,14.37
780,18000,12.52
800,22000,14.37
710,14000,10.68
790,26000,17.13
780,21000,13.91
780,10000,9.30
800,21000,13.91
800,14000,11.14
790,7000,7.91
790,42000,28.66
800,33000,21.74
770,38000,24.97
780,34000,22.20
800,19000,12.98
800,36000,23.59
780,37000,24.05
800,30000,19.44
800,38000,25.43
800,37000,24.51
780,28000,18.05
790,9000,8.84
800,35000,23.13
790,23000,14.83
790,8000,8.38
780,26000,17.13
780,44000,30.04
790,5000,7.45
800,13000,10.68
790,39000,26.35
710,30000,18.98
790,24000,15.75
780,42000,28.66
780,9000,8.84
790,25000,16.21
790,21000,13.91
800,29000,18.98
790,40000,27.27
790,15000,11.60
790,41000,27.73
790,37000,24.51
790,13000,10.68
780,25000,16.21
800,10000,9.30
800,45000,30.96
790,31000,19.90
720,1000,6.99
800,11000,9.76
800,12000,10.22
800,8000,8.38
780,41000,27.73
790,29000,18.52
800,24000,15.75
800,26000,17.13
720,17000,12.06
790,12000,10.22
800,28000,18.05
800,2000,6.99
800,27000,18.05
790,45000,30.96
800,44000,30.50
800,42000,29.12
800,40000,27.27
800,43000,29.58
790,28000,18.05
800,16000,12.06
790,44000,30.50
720,33000,21.28
800,18000,12.52
800,32000,20.82
800,15000,11.60
800,34000,22.66
730,4000,7.45
800,31000,19.90
730,20000,12.98
730,36000,23.13
740,7000,7.91
740,23000,14.37
740,39000,25.43
750,10000,9.30
750,26000,16.67
750,42000,28.20
760,13000,10.68
760,29000,18.05
760,45000,30.50
770,16000,11.60
770,32000,20.36
780,3000,6.99
780,19000,12.98
780,35000,22.66
790,6000,7.91
790,22000,14.37
790,38000,25.43
800,9000,8.84
800,25000,16.67
800,41000,28.20
